cp,grid_point,distance_gp,mean_gp_distance
A_1,42A,6.489300375980302,427.1404488486224
A_2,42A,22.285270898071293,422.38290666050335
A_3,42A,46.91248191451553,418.98466367370577
A_4,43,53.434081450572705,422.96103368892216
A_5,42A,34.43686970232322,414.9546177524467
A_6,42A,19.768531093849255,408.2635535964187
A_7,42A,29.074338355476186,403.2323104781005
A_8,28A,49.150806386251844,399.6298197474807
A_9,28A,35.384204468271655,397.32414358467406
A_10,28A,36.57742349761841,396.4439667080205
A_11,28A,51.704929514361034,396.9617265555422
A_12,27,44.83438625105003,398.7188984768156
A_13,27,21.015519513985776,401.6669321072245
A_14,27,11.08185737355088,406.04845373851975
A_15,27,32.459031317863975,412.18647154029316
A_16,27,56.86822953563015,419.4653756593915
A_17,15A2,73.27281755260759,427.80549998001334
A_18,15A2,57.4228739000781,437.2085058578233
A_19,15A2,49.75432756012265,447.7262876960591
A_20,14,40.174726872369085,459.4045885691665
A_21,14,15.665408818258697,472.17484093601746
A_22,43,8.900980430166179,425.188609416079
A_23,43,27.408603560413468,414.5831205889163
A_24,43,51.699723929689185,405.2275763344386
B_1,42A,52.76559063279059,397.11994364636513
B_2,42A,44.599375548621914,390.40902407129624
B_3,42A,49.43305254537781,385.1830823861928
B_4,28A,36.82077451527349,381.33970811268495
B_5,28A,13.856747764954678,378.76785372989104
B_6,28A,16.669596438503074,377.89615943233923
B_7,28A,40.16674510614022,378.60549793689825
B_8,27,55.648815323676224,380.52508461524155
B_9,27,39.09373795578543,383.7303970420136
B_10,27,34.77751886139663,388.38760649745126
B_11,27,46.262912520569806,394.522203857627
B_12,27,65.73175894960082,401.9072705198888
B_13,15A2,59.28064580576227,410.3937926752579
B_14,15A2,37.98256685612867,419.9407552491452
B_15,15A2,24.915496152220037,430.6382675156802
B_16,15A2,32.380776322872535,442.72156438916466
B_17,14,25.001126300832546,456.0483563228251
B_18,14,22.49618761424276,470.66238582262497
B_19,43,33.86020399465233,409.2516905745778
B_20,43,42.64408033358408,398.21244925068345
B_21,41A,48.51147255993744,388.5477450363882
B_22,41A,35.91610261577774,380.2419485104913
B_23,41A,38.42129908093025,373.45779956394114
B_24,41A,53.96343553718846,368.18418225908283
C_1,28A,39.31110437180161,364.2746592117378
C_2,28A,19.53465692409239,361.70577815276033
C_3,28A,21.62102718886379,360.8049417675264
C_4,28A,42.461287431125015,361.48758338306385
C_5,26,45.295795132588076,363.45717925881905
C_6,26,37.8186424251517,366.80247527702306
C_7,26,45.36977868844474,371.6652575520508
C_8,26,62.739225240712976,377.9471726012055
C_9,15A2,78.93197112610832,385.4710943381036
C_10,15A2,53.93616582304753,394.1234704620041
C_11,15A2,28.941150094606957,403.84032103007127
C_12,15A2,3.9618982003341814,414.5911681500907
C_13,15A2,21.057763568592687,427.2436879669817
C_14,15A2,46.05201943021636,441.1485418634943
C_15,14,46.20991078369446,456.19281444111266
C_16,14,57.14896394047798,472.309773185199
C_17,44A,44.24314205933581,394.14829010497755
C_18,44A,55.83006313040128,382.87676333680946
C_19,41A,35.17141172366014,372.9612954968632
C_20,41A,13.17693195178659,364.35432823503385
C_21,41A,18.970011747764552,357.5473543136331
C_22,41A,42.375908830304184,352.3450712027972
C_23,28A,54.63133400482221,348.4629791757128
C_24,28A,42.67109590898034,346.0010275957543
D_1,28A,43.6656436522966,345.0900339579454
D_2,26,51.54572522169078,345.66851342916834
D_3,26,28.0334765059536,347.57737730077895
D_4,26,12.822495385220813,350.8829871119287
D_5,26,28.15286047970736,356.0186010730073
D_6,26,51.675693689740655,362.51842509490484
D_7,16,73.19668820982099,370.2210668547822
D_8,15A2,59.61250918791839,379.09776486704357
D_9,15A2,38.49845724953345,389.1311605742515
D_10,15A2,25.695088829359346,400.4047301483546
D_11,15A2,32.98439642883758,413.1871611024274
D_12,13,47.37515509462038,427.40002737404615
D_13,13,61.48632774437254,442.81032438426445
D_14,1,49.15173294590051,459.2184237754035
D_15,1,26.060680922115733,476.47466588638554
D_16,44A,22.937720596685732,392.8932262936338
D_17,44A,20.88187508217113,379.95608347411627
D_18,44A,39.94487646907493,368.6340559757836
D_19,41A,37.01783027919015,358.64636529449876
D_20,41A,17.51921727212369,350.0114624664525
D_21,41A,22.20704399809185,343.11772216416904
D_22,41A,43.92048796538707,337.8155968828717
D_23,29,39.976581665158086,333.85998169194903
D_24,29,34.249441515615644,331.3924206480216
E_1,29,44.693940724762165,330.54265226939987
E_2,26,51.388278220279354,331.16475775474555
E_3,26,27.742908049378922,333.1299373974663
E_4,26,12.174130754663247,336.5186113460134
E_5,26,27.863536964270622,341.7641572274199
E_6,26,51.51864382646839,348.3689807045321
E_7,16,48.638986484692786,356.20894864647
E_8,16,49.34237718562094,365.3316493010633
E_9,15A2,58.10592846859621,375.72682538241514
E_10,13,36.87453080380623,387.3578429196668
E_11,13,19.915833203087335,400.30094668030716
E_12,13,26.13765040885108,414.8218426778052
E_13,13,47.109872727661845,430.63084644866
E_14,1,48.59752275080702,447.38822631185326
E_15,1,24.99970527168433,464.972403595061
E_16,44A,15.948750733691252,380.13709593602266
E_17,44A,12.81703234634654,367.01036921498155
E_18,44A,36.38429458238506,355.64587884149876
E_19,41A,52.47130693802164,345.644648349424
E_20,41A,41.10767755421347,337.1197157231347
E_21,41A,43.31363535964393,330.15332439838056
E_22,29,46.87366985956106,324.6676892923325
E_23,29,22.856311673150987,320.53500934316236
E_24,29,9.864486445422717,317.91563307380767
F_1,29,30.361690839800538,317.26944257276557
F_2,29,54.73557832608623,318.0189968852487
F_3,26,44.75588111617106,320.15798841641066
F_4,26,37.17027498661939,323.7992971396934
F_5,26,44.830755605243745,328.9974891809014
F_6,16,42.47447945165165,335.58350393239994
F_7,16,24.967446145935515,343.45742144635784
F_8,16,26.31145274011062,352.8236917657619
F_9,16,44.84237901515409,363.6286968532879
F_10,13,32.374824729746095,375.61847439705485
F_11,13,9.221635319584086,388.75376999477226
F_12,13,19.276279283188284,403.6228230505599
F_13,13,43.677665335042306,419.77546145067913
F_14,1,59.642036457863426,436.88045227811756
F_15,1,42.66659550426773,454.9048282738041
F_16,44A,35.10289452953251,368.868186656967
F_17,44A,33.795367510480645,355.64839543211195
F_18,40A,36.347055999050376,343.9704482307809
F_19,40A,29.52772759826333,333.8479178743428
F_20,40A,40.893670847939404,325.3893431790664
F_21,40A,61.01086254769424,318.4483731801124
F_22,29,48.69344856078359,312.923589631064
F_23,29,26.3879101961108,308.78738908244287
F_24,29,16.468723881342118,306.2216029742791
G_1,29,33.102011029857735,305.50047097752514
G_2,25,46.645795519259046,306.24564001393435
G_3,25,39.81950997802748,308.46730195422646
G_4,25,47.38126270373151,312.2764683163934
G_5,16,61.16916166210781,317.5887778496299
G_6,16,36.212302206099764,324.24636845069455
G_7,16,11.429027055816944,332.1358824779286
G_8,16,14.12592799323155,341.7514170213527
G_9,16,38.96265383480804,352.9671944683929
G_10,13,44.56629509967864,365.3551482853643
G_11,13,31.98536910369809,378.990980078535
G_12,13,36.188399462083375,394.00500444059014
G_13,13,53.34570210133154,410.2716514160235
G_14,2A,47.807974647290514,427.62684513215663
G_15,2A,53.659800931470336,446.0235359575105
G_16,45,34.18878488750898,373.4043804487029
G_17,45,41.031489171207895,358.7236346414698
G_18,40A,46.68068045339595,345.4682947966378
G_19,40A,21.914300540555754,333.5880933852684
G_20,40A,5.569087048180249,323.20782513343715
G_21,40A,28.834361992026956,314.94909306156785
G_22,40A,53.679173672412205,308.0591567275247
G_23,29,61.60024565544085,302.5617594755327
G_24,29,46.041936940553555,298.5374951425033
H_1,29,41.16742616363801,296.0897904977116
H_2,29,50.19244305606978,295.2392769100088
H_3,25,28.465164266235025,295.8600094996214
H_4,25,14.833362386013942,298.01021022195033
H_5,25,29.65500607023056,302.05125406749045
H_6,25,52.805660962856095,307.5741119455908
H_7,16,45.47755045732797,314.4389585507239
H_8,16,29.7909264118867,322.6772928656339
H_9,16,30.92601635560068,332.4685811835286
H_10,16,47.69659512571614,343.7839132140473
H_11,12,60.224235295052154,356.4519608276979
H_12,13,56.663186111957835,370.4311369895998
H_13,2A,55.51499847837817,385.66383829097697
H_14,2A,34.299143247675914,402.03828618401815
H_15,2A,22.816117789664297,419.54066134844504
H_16,45,9.383618599453808,364.33439497641086
H_17,45,24.551220734700717,349.77026104313904
H_18,45,48.652855956867924,336.5910091642037
H_19,40A,29.815970502283683,324.7573031721214
H_20,40A,20.970698846361596,314.4980176518517
H_21,40A,35.21613265425613,306.0279438750528
H_22,30,55.57032815625059,299.0477149474246
H_23,30,43.740780744279256,293.51457512676546
H_24,30,44.58787369092838,289.5591012712152
I_1,30,57.55457521844843,287.21949591540636
I_2,25,50.34077068523219,286.40684190267814
I_3,25,26.350111675671872,287.036913434123
I_4,25,10.202518359152961,289.1895050490351
I_5,25,27.63118160451527,293.35851965362286
I_6,25,51.696236314418925,299.00464777744617
I_7,17,57.58875286483856,306.0587884815462
I_8,16,53.795944921316206,314.5661101335241
I_9,12,53.444199129411466,324.53442209517937
I_10,12,37.9667971262286,335.9378530056597
I_11,12,35.725356204426,348.80926103647266
I_12,12,48.58757672952067,363.1066423131616
I_13,2A,50.660790472092295,378.6135781362985
I_14,2A,25.710535778979576,395.16548148946725
I_15,2A,2.2749894450206214,412.6626377450153
I_16,45,16.0268286497984,356.9775021461273
I_17,45,27.777138690694542,342.31310754914585
I_18,39A,48.59076486839671,329.09364186465035
I_19,39A,45.206173113390705,317.32298465656254
I_20,40A,45.805606077271236,307.15163897449565
I_21,40A,53.838271054952905,298.5658447991866
I_22,30,39.95569322606318,291.4403962781543
I_23,30,20.5341620952678,285.7540159026064
I_24,30,22.28170535090633,281.84557410973366
J_1,30,42.67229990443629,279.6890664299994
J_2,25,60.563058738099016,279.01020036005593
J_3,25,42.75533974666041,279.8150216533093
J_4,25,35.18212629784004,282.2064648790419
J_5,25,43.55654833016025,286.2643058959917
J_6,17,38.073760285318755,291.86628649543786
J_7,17,32.75648150174743,299.01685665149165
J_8,17,44.11339140921088,307.7636845587272
J_9,12,41.89573827182795,317.928606727513
J_10,12,18.451232651983496,329.3905307935683
J_11,12,13.239008771436733,342.41097166660467
J_12,12,35.49257673132445,357.1146173203002
J_13,2A,57.452104253248656,372.9420343710539
J_14,2A,37.35317969617733,389.8277249553527
J_15,2A,27.19198209254923,407.8197524599372
J_16,45,40.930358417739825,351.10362856600295
J_17,45,46.7974838889962,336.3259535777104
J_18,39A,27.329489671542323,322.9387357373875
J_19,39A,20.722852578319635,311.1198115552859
J_20,39A,36.89987357431676,301.07355063103705
J_21,39A,59.5264073709459,292.5078001470424
J_22,30,36.80328011213841,285.33402325470865
J_23,30,13.404315944563477,279.5577634788143
J_24,30,15.953001972917017,275.682130716956
K_1,30,39.73599375774262,273.6252488577953
K_2,32,57.88341587779835,273.0248063901164
K_3,32,55.55730792189922,273.962897048122
K_4,25,60.175584266106846,276.50511755589883
K_5,17,45.62909738985483,280.6084912321793
K_6,17,21.348579701637085,286.1617814580786
K_7,17,8.895935365297722,293.28914971164585
K_8,17,30.856797901179394,302.3967213873248
K_9,12,43.63314644852534,312.8190588077288
K_10,12,22.114393809893233,324.52006566170706
K_11,12,17.99638189711139,337.75497766527326
K_12,12,37.52761022898105,352.60160104596736
K_13,12,61.175172524384145,368.64221423468615
K_14,2A,58.130171090332816,385.8169404012714
K_15,46,22.50998452780337,362.4677418905405
K_16,46,38.11239631668086,346.4337581335668
K_17,39A,44.152697909589634,331.7101116735702
K_18,39A,19.5542258748595,318.261493437813
K_19,39A,8.05625996579753,306.35418425800043
K_20,39A,31.57637526438375,296.4549049592478
K_21,39A,56.3813818261856,287.91324313368636
K_22,30,48.60178801941242,280.7761528795052
K_23,30,34.45762515950275,275.1751018820095
K_24,30,35.526757916538934,271.2938959879848
L_1,30,50.85864336683749,269.0912168843044
L_2,32,34.9485908462661,268.42925398676596
L_3,32,30.943958888544234,269.4229284260958
L_4,32,44.08267276045229,272.1543725048217
L_5,17,48.350736387803146,276.43663395607666
L_6,17,26.674723183115795,282.1719315383086
L_7,17,18.300727461834057,289.5117609555248
L_8,17,34.75515835248141,298.65505638268144
L_9,12,57.46371537981191,309.2451951327908
L_10,12,43.442759794825385,321.236182432387
L_11,12,41.49815312519596,334.68132210576437
L_12,3A,50.91957474329388,349.52574340330233
L_13,3A,37.98966043642057,365.63499835715044
L_14,3A,39.2842781120267,383.00702792646007
L_15,46,7.276511558762843,358.9548571187013
L_16,46,31.60384580723189,343.14711570791553
L_17,39A,53.24055060399778,328.5379953999132
L_18,39A,35.601447646477276,315.2571781487248
L_19,39A,30.82204757714542,303.5175649072872
L_20,39A,43.383901062102744,293.41821313674194
L_21,31,52.536713290770464,284.7914186192921
L_22,31,39.53042928746463,277.6341130311544
L_23,31,40.18497916825055,272.1197669686142
L_24,31,54.0059199849259,268.3046847379441
M_1,32,43.07494708282192,266.06116274715953
M_2,32,18.491799380983895,265.2825964590671
M_3,32,8.835790822886494,266.2207515559861
M_4,32,32.616326407778956,269.2576197388805
M_5,32,57.438726546938454,273.76629397840946
M_6,17,47.08448406182233,279.76906397441184
M_7,17,42.89900198714273,287.3217679699028
M_8,11,49.41242588212439,296.4390251314382
M_9,11,39.025982502566976,307.0721901788883
M_10,11,43.05921539557506,319.2505315764835
M_11,11,58.607115679095486,332.8848054059363
M_12,3A,37.31430032348341,347.79653968584864
M_13,3A,15.581016755727697,363.8643492972871
M_14,46,29.134595343923372,357.322435055957
M_15,46,42.363666048533666,341.3584674878886
M_16,38A,50.87421248399003,326.7594489370397
M_17,38A,49.658821930868946,313.5959739566196
M_18,39A,55.54028184865232,301.96512459546653
M_19,31,62.77385241193407,291.8377797590753
M_20,31,38.64551420554607,283.1326359259447
M_21,31,17.205354554293436,275.8464386217437
M_22,31,18.660169743091085,270.39527817157796
M_23,31,40.620301744932,266.75927110263245
M_24,32,47.17650645961305,264.5993222181658
N_1,32,26.685542395163818,263.9336183172494
N_2,32,21.171742936049903,264.9985269204886
N_3,32,37.868144350262945,267.95492793680535
N_4,18A,44.32949734005245,272.5530237039401
N_5,18A,52.997961878862625,278.75427986359216
N_6,11,57.49628651951104,286.4718927918904
N_7,11,33.72881515232218,295.617344456137
N_8,11,14.801092586574788,306.1847673086802
N_9,11,23.455086665542233,318.5684638850926
N_10,11,46.161014225844724,332.4475712314211
N_11,3A,37.96761634204474,347.521732499817
N_12,3A,17.08656892338595,363.7319778554023
N_13,47,44.0379192963531,374.1974095656649
N_14,47,52.857263349641336,356.9034214453156
N_15,38A,46.407518589941674,340.9329683914483
N_16,38A,27.961425680888148,326.286636660006
N_17,38A,25.683738105113928,313.1909550031917
N_18,38A,42.27407039506431,301.73525878458605
N_19,31,62.63829028822622,291.696563317656
N_20,31,38.42491848153446,283.03106438578675
N_21,31,16.703972107189976,275.7854375473569
N_22,31,18.198911992863472,270.3856994037853
N_23,31,40.41048772325133,266.79442436591296
N_24,24,53.51125090937453,264.6936761254547
O_1,32,48.289947193375866,264.17407962996316
O_2,32,45.47574630944851,265.33668575539826
O_3,18A,28.116839291709283,268.1682821013795
O_4,18A,19.611392683469518,272.72948471950866
O_5,18A,35.04691764400884,279.1511740046332
O_6,11,57.02190392917784,287.0600432220578
O_7,11,32.91363387806986,296.3260916337232
O_8,11,12.83536373691052,306.96681030538997
O_9,11,22.26691144763163,319.4573195269389
O_10,11,45.56877945981648,333.454379252753
O_11,3A,52.34837295119725,348.6984048064509
O_12,3A,39.88437005814415,365.17606795712834
O_13,47,19.35466351799366,374.8179249225658
O_14,47,35.05930743388999,357.7447412457153
O_15,38A,39.96176924806518,341.9016725382737
O_16,38A,15.004212463887047,327.2424747184207
O_17,38A,10.14590809359523,314.19405246538287
O_18,38A,35.07680424145045,302.9787126560708
O_19,33A,59.41071420903963,293.0411268867582
O_20,31,52.049038733055326,284.4878631455335
O_21,31,38.879951498413085,277.47487522552933
O_22,31,39.54526965272865,272.1351938103813
O_23,24,46.55976883580202,268.42512961267227
O_24,24,29.886721253013413,266.2603943634398
P_1,24,29.46608308438048,265.81649908512424
P_2,24,45.74837620249808,267.123438289367
P_3,18A,21.440346893385094,269.9729927574877
P_4,18A,7.330654713995413,274.47105200508554
P_5,18A,29.956940790874025,281.10493840494365
P_6,18A,54.68754794131473,289.151434181136
P_7,11,47.73480086726199,298.58833267228806
P_8,11,36.87886093217083,309.4837935482626
P_9,11,41.12321980441287,321.93126081381206
P_10,4,41.82701629234549,335.84737412715043
P_11,4,39.3196558915453,351.1599091834528
P_12,47,7.713440482441033,376.86380727540734
P_13,47,30.23324814469279,360.0544895930204
P_14,38A,47.85245932801947,344.39574014053017
P_15,38A,30.299193142492094,330.0081621921656
P_16,38A,28.210887120235967,317.1431445440052
P_17,38A,43.8554104030084,305.8392721797897
P_18,33A,39.259135111457,295.888752692593
P_19,33A,27.46673378431395,287.3658270670936
P_20,33A,34.888298707499516,280.5359616448139
P_21,33A,54.125737606480854,275.33111465655213
P_22,24,38.042133630657126,271.61820873757114
P_23,24,13.138029515784968,269.33617375992327
P_24,24,12.150792433641527,268.94317363379656
Q_1,24,37.044645498883916,270.49315309296736
Q_2,18A,37.12748431464567,273.5297784545795
Q_3,18A,31.18493342918131,278.22469781246616
Q_4,18A,42.616663062110675,284.6759768383144
Q_5,10A,61.40670504087555,292.69887050321887
Q_6,10A,57.118499391406516,302.21779172240196
Q_7,11,61.684554131187646,313.2394873972572
Q_8,4,43.673865990869295,325.70817019265985
Q_9,4,21.314604525465818,339.5127355365232
Q_10,4,15.838193837100393,354.8063294930276
Q_11,47,31.528102393404733,380.8042667075495
Q_12,47,42.99504001405409,363.92785835643946
Q_13,37A,38.360996793931996,348.34815174762724
Q_14,37A,39.82176176351723,334.1911457174184
Q_15,38A,52.32971353062714,321.52840697396346
Q_16,33A,53.28268763644417,310.2646003828948
Q_17,33A,28.329423169396794,300.3002965238306
Q_18,33A,3.962057616526148,291.6126708148726
Q_19,33A,21.873954107800735,285.0785017437618
Q_20,33A,46.80675311541104,280.0404352813077
Q_21,24,44.45476097675263,276.4322082715199
Q_22,24,26.488290291269426,274.34465317102627
Q_23,24,26.012755673900383,274.0202729424939
Q_24,24,43.60421534802927,275.4779839649918
R_1,19A,52.42904163245545,278.54041351855454
R_2,19A,54.72646848173157,283.26794924290874
R_3,10A,57.448819829647945,289.6549943266969
R_4,10A,39.27436603859766,297.59675504485597
R_5,10A,32.15921810123753,307.1115378459319
R_6,10A,42.137695234025614,318.25850234302146
R_7,4,43.1491580978619,330.8398111622232
R_8,4,20.2177021233167,344.6919854190596
R_9,4,14.327996125963033,360.00229643096446
R_10,48,38.857323132902636,403.93343711903276
R_11,48,48.70124013771384,385.9805642345645
R_12,37A,37.192251335657275,369.21902647200756
R_13,37A,15.742923585533289,353.6411778889093
R_14,37A,19.027513857748165,339.6976049496357
R_15,37A,41.543754010064404,327.3252028906069
R_16,33A,57.878767816723624,316.2223906250061
R_17,33A,36.24172949305732,306.4124716424316
R_18,33A,22.947866003742213,298.03495470251016
R_19,33A,31.45435698168335,291.3794565665333
R_20,23A,46.18022549225504,286.30389318391553
R_21,23A,41.329525897839176,282.7655188719431
R_22,24,49.80242592731315,280.86631203371036
R_23,24,49.55114092462391,280.6075373355485
R_24,19A,42.23146178013003,281.94256054047474
S_1,19A,27.92933147757219,284.876635431198
S_2,19A,32.03481729748425,289.59847709395336
S_3,10A,48.18391505388049,296.0024708489653
S_4,10A,23.744439328570568,303.8574114120658
S_5,10A,7.452369985199729,313.2158156859294
S_6,10A,28.229558006078022,324.61620130412865
S_7,10A,52.80065146938168,337.3636086402296
S_8,4,40.160042872627784,351.40315606188074
S_9,48,14.375399772136628,410.0393692900718
S_10,48,32.68901093832222,392.48359436024344
S_11,37A,37.53888171615123,376.00372280514375
S_12,37A,16.545198632809697,360.6401426540939
S_13,37A,19.69645271448861,346.8712542889594
S_14,37A,41.85436191708816,334.64012333803464
S_15,34,61.337134433762024,323.672023399815
S_16,33A,55.443667994824594,314.0482655943946
S_17,33A,47.824071737769906,305.88701772622346
S_18,23A,48.73506900215515,299.2389547508175
S_19,23A,26.476262072779413,294.0535140433725
S_20,23A,16.628556254041495,290.46849229262216
S_21,23A,33.19120752633,288.7713065371861
S_22,23A,56.35986685012922,288.60095176812996
S_23,19A,32.62468488976076,289.8692277278616
S_24,19A,7.8051996616899135,292.5533919461082
T_1,19A,17.524358091699575,297.33903293030573
T_2,19A,42.46075876749408,303.8344765022963
T_3,10A,28.892067263044485,311.74452625512544
T_4,10A,18.069059562807436,321.21183984003284
T_5,10A,32.678144392549164,332.480649108934
T_6,5,50.60785720942746,345.2068426008034
T_7,5,53.75643085725987,359.29879483596096
T_8,48,12.371066777493892,417.76316114071335
T_9,48,31.858479308585057,400.5033975302995
T_10,37A,51.81411501297075,384.31042057210584
T_11,37A,39.36087335301487,369.3035136556604
T_12,37A,40.78584336503827,355.6884369087846
T_13,37A,55.02110990008795,343.45818991742823
T_14,34,38.511600613579446,332.5305901115573
T_15,34,33.51149630112923,323.02890120076574
T_16,34,44.861215492001186,315.0793796244309
T_17,23A,46.83072795425325,308.5677835273617
T_18,23A,22.78162410385353,303.41557453342443
T_19,23A,9.722076801637238,299.80636914478373
T_20,23A,30.32599939596156,298.21612565885937
T_21,23A,54.721520445274216,298.0768167271308
T_22,19A,39.93588117622288,299.36980468130486
T_23,19A,24.319242867248075,302.1903493341583
T_24,19A,28.941451003051025,306.81322704947655
U_1,9A,47.03597222312117,313.17300716226714
U_2,10A,48.5318008523038,321.1327711051258
U_3,10A,42.97761052028322,330.67261329768763
U_4,5,39.92974522761988,341.7391120167766
U_5,5,25.94902406917337,354.25813280150993
U_6,5,31.653602058973267,368.32162586003466
U_7,48,36.729626963953244,427.16998654832577
U_8,48,47.02111233979299,410.02579229043596
U_9,36A,37.01393003117707,393.9904190879575
U_10,36A,33.57527502944974,379.2128173666173
U_11,36A,46.19738811843714,365.8252615347647
U_12,34,45.424971001250405,353.70597911095865
U_13,34,21.299614024013167,342.7828048349831
U_14,34,9.672151482174204,333.2905499973424
U_15,34,31.353769738583004,325.6818443734828
U_16,34,55.87663789353662,319.3855718275103
U_17,23A,39.83269346240393,314.4367075911417
U_18,23A,34.090465026613174,311.0055527876667
U_19,23A,44.57922567529977,309.2193888455075
U_20,20,57.58023500347957,308.98967081837475
U_21,20,57.877905608020356,310.3011804958879
U_22,19A,48.6986782571839,313.1934868747906
U_23,9A,37.20135150450036,317.69248643834953
U_24,9A,22.3620422771624,323.8282418701929
V_1,9A,29.424698882861087,331.79222575729904
V_2,9A,49.81160987242088,341.366581318655
V_3,5,30.922683546269376,352.30657472840977
V_4,5,5.9312349389598475,364.48937696581197
V_5,49,37.007473599564,455.6014195570365
V_6,49,48.6726639414015,437.7505146482697
V_7,36A,43.04369595236457,420.8942627182493
V_8,36A,18.984103526624963,404.9888930580615
V_9,36A,10.847314459656188,390.34995162630787
V_10,36A,33.53451820646311,377.33333119387197
V_11,34,47.786918818845386,365.42418626406896
V_12,34,25.958331986409522,354.6887341219057
V_13,34,17.711914523529565,345.4048660772699
V_14,34,34.68746713095528,337.8326781285386
V_15,34,57.81315071199908,331.63124776372894
V_16,23A,62.48132586091477,326.79733976662794
V_17,23A,58.98671358920084,323.4230630855999
V_18,20,48.35474486357048,321.5470746123482
V_19,20,33.50996818154457,321.1894177012941
V_20,20,34.018913186603655,322.49166674616094
V_21,20,49.40937995901108,325.4510343833228
V_22,9A,30.352103961157617,329.9063987052734
V_23,9A,6.113141178095484,335.78768704189696
V_24,9A,20.07791076192583,343.80718363142455
W_1,9A,44.927789261129114,353.3786921485222
W_2,5,39.59383318399474,364.27539102773085
W_3,5,25.429091935616857,376.54078368144405
W_4,49,13.51298119915711,466.8446379200423
W_5,49,34.381330350616224,449.57067307589546
W_6,36A,45.74665666039842,433.1469295306705
W_7,36A,24.502915262632083,417.6093111009377
W_8,36A,18.911924110508078,403.26709401843647
W_9,36A,36.9399602514987,390.3452469833642
W_10,35A,48.12644490971143,378.57746023498913
W_11,35A,44.42111094421846,368.07445296189985
W_12,34,42.231564042910556,359.02184124865545
W_13,34,51.70119499453467,351.428538255159
W_14,22A2,46.949356491793864,345.20298300624836
W_15,22A2,42.85445974382774,340.3917433309773
W_16,22A2,52.1382732917276,337.066254030227
W_17,20,37.353011692906996,335.1603964790251
W_18,20,13.415810062734362,334.618595674562
W_19,20,14.640780187152703,335.91714439256776
W_20,20,38.70856433978674,339.0276261637245
W_21,9A,41.33027450476675,343.55043441515795
W_22,9A,28.71083028649471,349.59189016633155
W_23,9A,34.49730168432389,357.3406852095054
W_24,9A,52.96647760339195,366.674103210041
X_1,6,53.105420705406814,377.4561113969956
X_2,49,35.281089282640316,462.751139058215
X_3,49,59.10890477808985,446.74929529340886
X_4,36A,45.7167522621184,431.65653892806296
X_5,36A,42.98010508147352,417.63100744947775
X_6,35A,48.27793002434777,404.7605526045894
X_7,35A,27.16995796860634,393.02302911671165
X_8,35A,19.88182505866704,382.6317925832048
X_9,35A,36.08323154702563,373.8318089731072
X_10,22A2,48.16119076551404,366.3219391033772
X_11,22A2,26.497746973567168,360.02822034208856
X_12,22A2,18.28642094162215,355.1627719936906
X_13,22A2,34.875322242984176,351.9820122687691
X_14,20,41.25464225674478,350.16534324503965
X_15,20,22.06086697216902,349.7148454218726
X_16,20,22.826527108251337,350.971917888427
X_17,20,42.485891645910094,353.954894166522
X_18,8A,56.950778876100856,358.4395324637993
X_19,9A,53.48724323287635,364.4638142177312
X_20,6,52.887504917502824,372.0322858313435
X_21,6,34.275197937847395,381.07640464276744
X_22,6,28.321770349689018,391.6392469321003
X_23,35A,44.748660774733565,420.42333614551796
X_24,35A,20.245753912071166,408.80691593622936
Y_1,35A,8.183572714653723,398.49362705377945
Y_2,35A,31.2039034366,389.96464924727275
Y_3,22A2,45.464503370672986,382.56073116961153
Y_4,22A2,21.204980189084257,376.2700483064468
Y_5,22A2,9.050620866436978,371.34369928414554
Y_6,22A2,31.045269254674935,368.2747439000454
Y_7,22A2,55.635745844256725,366.51110586079204
Y_8,20,45.19969087431542,366.1539420997716
Y_9,20,45.57829036092527,367.34476893497435
Y_10,8A,39.930165545677816,370.0908621246127
Y_11,8A,31.96187395426452,374.4026751705395
Y_12,8A,41.21088916081909,380.35975607648925
Y_13,6,45.040620576897474,387.7984017582226
Y_14,6,20.158331694167977,396.55753944834913
Y_15,6,5.804461464541365,406.7496827733643
Y_16,35A,43.53159797884898,407.44162071052733
Y_17,22A2,55.35498455753981,400.11625330675207
Y_18,22A2,38.03688023581685,393.99276522102565
Y_19,22A2,32.84915179261991,389.2173390767821
Y_20,22A2,44.2827492111222,385.9153725638798
Y_21,21A,39.06679009603032,384.0231434676333
Y_22,21A,38.289535494372736,383.63464707171136
Y_23,8A,49.444012341898514,384.78649524511354
Y_24,8A,24.944352070744003,387.34069862494414
Z_1,8A,7.0259445803641665,391.32274912393603
Z_2,8A,26.946984334450857,397.33455811588914
Z_3,6,50.09849657187727,404.7012042477121
Z_4,6,29.791945486357818,413.36240048526486
Z_5,22A2,57.67020642288528,408.06488827366803
Z_6,21A,40.395316352821084,404.6612505800753
Z_7,21A,17.944996152784814,402.5571968402077
Z_8,21A,16.183241751480633,402.10113306209496
Z_9,21A,38.09730803784375,403.3494105941305
Z_10,8A,29.994266529732865,405.8881680013623
Z_11,8A,18.077587177457303,409.8464676730662
Z_12,8A,31.679256610131233,415.5423941225097
Z_13,8A,54.12933090293285,422.68271789283324
Z_14,6,51.17025154050637,431.1978912568341
Z_15,21A,38.68910385699899,423.06764942876913
Z_16,8A,49.261795591781855,425.5820958721324
Z_17,8A,43.05656257932888,429.4614443040589
Z_18,8A,50.305504688444906,434.78845262471594
Z_19,7A,38.23861359076114,441.5501425938199
Z_20,7A,38.58104820224423,449.80198745864146
Z_21,7A,38.66257459619212,454.8412907667161
Z_22,7A,16.47624485990797,461.1387743398212
